<?xml version='1.0' encoding='UTF-8'?>
<package uuid="sample2-1-66e88d" version="1.0.0">
 <names>
  <name lang="en_US">sample2-1</name>
  <name lang="ja_JP">サンプル2-1</name>
 </names>
 <descriptions>
  <description lang="en_US">This sample is for Pepper application development introductory version. </description>
  <description lang="ja_JP">このサンプルはPepperアプリケーション開発入門編用です。 </description>
 </descriptions>
 <supportedLanguages>
  <language>en_US</language>
  <language>ja_JP</language>
 </supportedLanguages>
 <descriptionLanguages>
  <language>en_US</language>
  <language>ja_JP</language>
 </descriptionLanguages>
 <contents>
  <behaviorContent path="behavior_1">
   <userRequestable/>
   <nature>interactive</nature>
   <names>
    <name lang="en_US">behavior</name>
    <name lang="ja_JP">ビヘイビア</name>
   </names>
   <triggerSentences/>
   <loadingResponses/>
   <autonomous/>
   <permissions/>
  </behaviorContent>
 </contents>
 <requirements>
  <naoqiRequirement maxVersion="2" minVersion="2.5"/>
  <robotRequirement model="JULIETTE_Y20"/>
 </requirements>
</package>
