<?xml version='1.0' encoding='UTF-8'?>
<package version="0.0.1" uuid="gettabletsize">
 <names>
  <name lang="en_US">Untitled</name>
  <name lang="ja_JP">getTabletSize</name>
 </names>
 <supportedLanguages>
  <language>ja_JP</language>
 </supportedLanguages>
 <descriptionLanguages>
  <language>ja_JP</language>
 </descriptionLanguages>
 <contents>
  <behaviorContent path=".">
   <userRequestable/>
   <nature>interactive</nature>
   <triggerSentences/>
   <loadingResponses/>
   <autonomous/>
   <permissions/>
  </behaviorContent>
 </contents>
</package>
