<?xml version='1.0' encoding='UTF-8'?>
<package uuid="1022_gotoname-2972a4">
 <names>
  <name lang="en_US">1022_gotoName</name>
 </names>
 <supportedLanguages>
  <language>en_US</language>
 </supportedLanguages>
 <descriptionLanguages>
  <language>en_US</language>
 </descriptionLanguages>
 <contents>
  <behaviorContent path="gotoName">
   <nature>interactive</nature>
   <permissions/>
  </behaviorContent>
  <behaviorContent path="gotoNum">
   <nature>interactive</nature>
   <permissions/>
  </behaviorContent>
  <behaviorContent path="play_stop">
   <nature>interactive</nature>
   <permissions/>
  </behaviorContent>
 </contents>
</package>
