<?xml version='1.0' encoding='UTF-8'?>
<package uuid="qicon" version="1.0.0">
 <names>
  <name lang="en_US">QiCon</name>
 </names>
 <supportedLanguages>
  <language>en_US</language>
 </supportedLanguages>
 <descriptionLanguages>
  <language>en_US</language>
 </descriptionLanguages>
 <contents>
  <behaviorContent path=".">
   <nature>interactive</nature>
   <permissions/>
  </behaviorContent>
  <behaviorContent path="speechReco">
   <nature>interactive</nature>
   <permissions/>
  </behaviorContent>
  <behaviorContent path="motion/handUpLeft">
   <nature>interactive</nature>
   <permissions/>
  </behaviorContent>
  <behaviorContent path="motion/handUpRight">
   <nature>interactive</nature>
   <permissions/>
  </behaviorContent>
  <behaviorContent path="motion/leftCurves">
   <nature>interactive</nature>
   <permissions/>
  </behaviorContent>
  <behaviorContent path="motion/rightCurves">
   <nature>interactive</nature>
   <permissions/>
  </behaviorContent>
  <behaviorContent path="motion/runHere">
   <nature>interactive</nature>
   <permissions/>
  </behaviorContent>
  <behaviorContent path="motion/shakeHandRight">
   <nature>interactive</nature>
   <permissions/>
  </behaviorContent>
  <behaviorContent path="motion/shakeHands">
   <nature>interactive</nature>
   <permissions/>
  </behaviorContent>
  <behaviorContent path="motion/shakeTheHip">
   <nature>interactive</nature>
   <permissions/>
  </behaviorContent>
  <behaviorContent path="motion/stoop">
   <nature>interactive</nature>
   <permissions/>
  </behaviorContent>
 </contents>
</package>
