<?xml version='1.0' encoding='UTF-8'?>
<package uuid="0910-3cf149">
 <names>
  <name lang="en_US">0910</name>
 </names>
 <supportedLanguages>
  <language>en_US</language>
 </supportedLanguages>
 <descriptionLanguages>
  <language>en_US</language>
 </descriptionLanguages>
 <contents>
  <behaviorContent path=".">
   <nature>interactive</nature>
   <permissions/>
  </behaviorContent>
  <behaviorContent path="Zone">
   <nature>interactive</nature>
   <permissions/>
  </behaviorContent>
  <behaviorContent path="Memory">
   <nature>interactive</nature>
   <permissions/>
  </behaviorContent>
 </contents>
</package>
