<?xml version='1.0' encoding='UTF-8'?>
<package uuid="ai_expo_nao">
 <names>
  <name lang="en_US">AI_EXPO_NAO</name>
  <name lang="ja_JP">AI_EXPO_NAO</name>
 </names>
 <supportedLanguages>
  <language>ja_JP</language>
 </supportedLanguages>
 <descriptionLanguages>
  <language>ja_JP</language>
 </descriptionLanguages>
 <contents>
  <behaviorContent path="ostech">
   <nature>interactive</nature>
   <triggerSentences>
    <sentence lang="ja_JP">会社概要</sentence>
    <sentence lang="ja_JP">かいしゃがいよう</sentence>
   </triggerSentences>
   <permissions/>
  </behaviorContent>
  <behaviorContent path="takumi">
   <nature>interactive</nature>
   <triggerSentences>
    <sentence lang="ja_JP">AR拓海</sentence>
    <sentence lang="ja_JP">AR匠</sentence>
    <sentence lang="ja_JP">ARたくみ</sentence>
   </triggerSentences>
   <permissions/>
  </behaviorContent>
  <behaviorContent path="furiwake">
   <nature>interactive</nature>
   <triggerSentences>
    <sentence lang="ja_JP">画像振分</sentence>
    <sentence lang="ja_JP">がぞうふりわけ</sentence>
   </triggerSentences>
   <permissions/>
  </behaviorContent>
  <behaviorContent path="rishoku">
   <nature>interactive</nature>
   <triggerSentences>
    <sentence lang="ja_JP">離職防止</sentence>
    <sentence lang="ja_JP">りしょくぼうし</sentence>
   </triggerSentences>
   <permissions/>
  </behaviorContent>
  <behaviorContent path="launcher">
   <nature>interactive</nature>
   <autonomous>
    <condition purpose="launchTrigger"><![CDATA['LeftBumperPressed'==1||'RightBumperPressed'==1&&('Launchpad/FocusedActivity'!="ai_expo_nao/launcher")~1]]></condition>
   </autonomous>
   <permissions/>
  </behaviorContent>
  <behaviorContent path="akb">
   <nature>interactive</nature>
   <permissions/>
  </behaviorContent>
  <behaviorContent path="thriller">
   <nature>interactive</nature>
   <permissions/>
  </behaviorContent>
 </contents>
</package>
