<?xml version='1.0' encoding='UTF-8'?>
<package uuid="variousboxes-b125ee">
 <names>
  <name lang="en_US">VariousBoxes</name>
 </names>
 <supportedLanguages>
  <language>en_US</language>
 </supportedLanguages>
 <descriptionLanguages>
  <language>en_US</language>
 </descriptionLanguages>
 <contents>
  <behaviorContent path="Counter">
   <nature>interactive</nature>
   <permissions/>
  </behaviorContent>
  <behaviorContent path="SwitchCase">
   <nature>interactive</nature>
   <permissions/>
  </behaviorContent>
  <behaviorContent path="OnlyOnce">
   <nature>interactive</nature>
   <permissions/>
  </behaviorContent>
  <behaviorContent path="WaitForSignals">
   <nature>interactive</nature>
   <permissions/>
  </behaviorContent>
  <behaviorContent path="wait">
   <nature>interactive</nature>
   <permissions/>
  </behaviorContent>
  <behaviorContent path="Delay">
   <nature>interactive</nature>
   <permissions/>
  </behaviorContent>
  <behaviorContent path="Timer">
   <nature>interactive</nature>
   <permissions/>
  </behaviorContent>
  <behaviorContent path="if">
   <nature>interactive</nature>
   <permissions/>
  </behaviorContent>
  <behaviorContent path="playSound">
   <nature>interactive</nature>
   <permissions/>
  </behaviorContent>
  <behaviorContent path="moveTo">
   <nature>interactive</nature>
   <permissions/>
  </behaviorContent>
 </contents>
</package>
